0,学力
1,評判
3,現在位置
4,現在地区
7,事件
8,病気
9,目的行動
10,起床時間
11,最愛
12,開始位置
13,開始地区

;--- 妊娠・出産システム ---
14,妊娠日数,;1以上で妊娠中。40で出産（TALENT:妊娠と併用）
15,生理周期,;0-27の月経周期。12-16が排卵期。NEXT_DAYで進行
16,父親,;妊娠時の父親のキャラ登録番号
17,出産回数,;経産回数
18,避妊,;低用量ピルの残日数。1以上で受精しない
19,育児日数,;1以上で育児中。0になったらTALENT:育児中を外す
28,陣痛,;1以上で陣痛中。時間経過で加算、閾値で出産
29,破水済,;1で破水済み。陣痛が先か破水が先かはランダム
30,健診済,;1で妊婦健診済み。出産予定日が判明する
31,胎児数,;妊娠中の胎児の数（1=単胎,2=双子,3=三つ子）
32,子供数,;これまでに産んだ子供の総数
81,分娩残,;分娩中の残り胎児数。1以上で分娩進行中（多胎は1児ずつ娩出し、児の間は行動できる）
82,分娩済,;今回の分娩で既に娩出した児数。分娩終了時に0へ戻す
83,分娩費用済,;1=今回の分娩で病院の分娩費用を支払済み（児の間に再来院しても二重に取らない）
26,膣内精液,;膣内に溜まった精液量の合計。中出しで加算、NEXT_DAYで漏出
27,肛内精液,;肛門内に溜まった精液量の合計。中出しで加算、NEXT_DAYで漏出
33,腹段階,;前回計算した腹の大きさ段階(0-4)。段階アップ検出用（@腹段階で毎日算出）
34,妊娠自覚,;0=未自覚 1=なんとなく気づいた 2=確信（お腹の成長で進行）
35,排卵誘発,;排卵誘発剤の残効日数。1以上で多胎率上昇。NEXT_DAYで減少
37,産後回復,;出産後の回復期の残日数。1以上で受精しない。NEXT_DAYで減少
38,妊娠前胸囲,;妊娠開始時のバスト(0.1cm)。妊娠中一時変化の基準／出産時の恒久増分の基準。0=未保存
39,妊娠前胴囲,;妊娠開始時のウエスト(0.1cm)。産後はここへ戻す
40,妊娠前腰囲,;妊娠開始時のヒップ(0.1cm)。出産時の恒久増分の基準
41,受精卵日数,;1以上で受精済み・着床待ち（まだ妊娠ではない）。着床所要日数に達したら@着床判定
42,着床所要日数,;受精から着床判定までの日数（受精時に5〜7で決定）。0=受精卵なし
43,流産回数,;流産した回数（生涯カウンタ。リセットしない）
44,切迫流産度,;0=正常。妊娠初期の中出し・激しい運動で上昇、安静で減少。100以上で流産
45,中絶回数,;中絶手術を受けた回数（生涯カウンタ。リセットしない）
46,風邪日数,;風邪の残り日数。1以上で罹患中。日次で-1、0で完治
47,性病日数,;1以上で感染中の経過日数。日次で+1。自然治癒なし（NPCは21日で自動完治）
48,性病自覚,;1=検査で判明済み（本人が知っている）。治療で0に戻す
49,風邪免疫,;風邪完治後の再感染しない残日数（完治時7）。日次で-1
50,風邪薬効,;風邪薬の効果残。1以上で当日の症状ペナルティ無効＋治りが早い。日次で-1
;--- 病気（cflag8）はビットフィールド：bit0=風邪 bit1=性病（GETBIT/SETBIT/CLEARBIT） ---
;--- 精液の相手別内訳（配列予約枠。名前は付けず番号直接アクセス） ---
;  膣内精液源：CFLAG:所有者:(3000 + 相手キャラ番号)
;  肛内精液源：CFLAG:所有者:(3100 + 相手キャラ番号)
;  膣内射精日：CFLAG:所有者:(3200 + 相手キャラ番号) …鮮度算出用のDAY（腟内残量の日次減衰判定に使用）
;  子宮内精液源：CFLAG:所有者:(3600 + 相手キャラ番号) …腟内精液から@精液_子宮移行で移行した分
;  子宮内到達日：CFLAG:所有者:(3700 + 相手キャラ番号) …鮮度(受精力)算出用のDAY／先入れ父性判定にも使用
;  合計(26/27/184)は各内訳の総和として維持される
;--- 妊娠のバレ状態（配列予約枠。名前は付けず番号直接アクセス） ---
;  妊娠を知っている：CFLAG:観測者:(3300 + 対象キャラ番号) …1で観測者が対象の妊娠を知っている
;--- 直近の中出し相手の履歴（配列予約枠。名前は付けず番号直接アクセス） ---
;  CFLAG:受け手:(3400 + n) …n=0..9、値=相手キャラ番号+1（0=空スロット、最新が先頭・最大10人）
;--- 路上ランダム遭遇（見知らぬ男 Chara041）のクールダウン ---
;  CFLAG:MASTER:3500 …前回発生したDAY。同じ日は再発生しない（1日1回まで）
;--- ホストクラブ（ホストクラブ.ERB。2026-07-21追加。3501-3505=覗き / 3506=ソープ体験 / 3507-3508=劇場の続き） ---
;  CFLAG:MASTER:3509 …指名ホストの「キャラ番号」(63〜65。0=未指名)。登録番号は可変なのでGETCHARA()で解決する
;  CFLAG:MASTER:3510 …来店回数（0=初回。初回体験コースの判定に使う）
;  CFLAG:MASTER:3511 …この店での累計使用額（円）。アフターの解禁条件
;  CFLAG:MASTER:3512 …売掛（ツケ）残高（円）。月初にEVENTTRAIN→@ホストクラブ日次が徴収し、残りに利息10%
;  CFLAG:MASTER:3513 …体で売掛を返した回数（累計・永続）
;  CFLAG:MASTER:3514 …最終来店DAY。3日以上空くと担当の好意(TA:担当:MASTER:3)が減衰する
;--- 銭湯（銭湯.ERB。2026-07-22追加。3515-3521=酔い / 3522-3524=質屋 の続き） ---
;  CFLAG:MASTER:3525 …銭湯の来店回数（累計・永続。番台の女将との会話の深まりに使う）
;  CFLAG:MASTER:3526 …男湯を覗いて見つかった回数（累計・永続）

20,異常経験
21,欠席日数
22,就寝時間
23,睡眠
24,待機時間
25,衰弱
36,カップサイズ
51,痴漢発見
52,モラル
53,到着時間
54,乗車,;(0,乗ってない1,乗車中2,電車待ち)
55,到着地区
56,到着位置
57,前回行動
58,前回被行動
59,受能動,;(1,攻め2,受け)
60,部活
61,職業,;アルバイト先
62,押さえつけ
63,出席,;(ビット0=午前 1=午後)
64,お小遣い
65,食事,;(ビット0=朝食 1=昼食 2=夕食)
66,主睡眠
67,所属
68,鍵
69,最終母体負荷日,;切迫流産度が最後に上昇したDAY。前日に負荷があると日次減衰(-15)しない
71,会話
72,仕事,;身分／職種。0:無し 1:教師 2:レスラー 3:学生レスラー 4:その他 5:会社員 6:フリーター 7:専業主婦 8:キャバ嬢 9:ソープ嬢 10:ダンサー（NPCの日課分岐＋プレイヤーの身分にも使用）
73,タイプ,;相性を判定する。相性表参照
74,目的位置
75,目的地区
76,親モラル,;自宅通いの生徒のみ有効、親、家族にはつけないで
77,移動した,;移動の場合1、到着時に0、初期0（NPC_MOVEMENTにて設定する）

;--- 身分システム（プレイヤーの職業／年齢。2026-07-19追加） ---
78,年齢,;数値としての年齢（歳）。開始時カスタマイズで設定。学生は学年から既定値、他身分は身分別の既定値
;79 予約（身分システム用の空き枠）

80,一時痴漢,;1:一時的に[痴漢]付与,-1:一時的に[痴漢]消去

100,常００地区
101,常０１地区
102,常０２地区
103,常０３地区
104,常０４地区
105,常０５地区
106,常０６地区
107,常０７地区
108,常０８地区
109,常０９地区
110,常１０地区
111,常１１地区
112,常１２地区
113,常１３地区
114,常１４地区
115,常１５地区
116,常１６地区
117,常１７地区
118,常１８地区
119,常１９地区
120,常２０地区
121,常２１地区
122,常２２地区
123,常２３地区
130,常００位置
131,常０１位置
132,常０２位置
133,常０３位置
134,常０４位置
135,常０５位置
136,常０６位置
137,常０７位置
138,常０８位置
139,常０９位置
140,常１０位置
141,常１１位置
142,常１２位置
143,常１３位置
144,常１４位置
145,常１５位置
146,常１６位置
147,常１７位置
148,常１８位置
149,常１９位置
150,常２０位置
151,常２１位置
152,常２２位置
153,常２３位置
160,常００モラル
161,常０１モラル
162,常０２モラル
163,常０３モラル
164,常０４モラル
165,常０５モラル
166,常０６モラル
167,常０７モラル
168,常０８モラル
169,常０９モラル
170,常１０モラル
171,常１１モラル
172,常１２モラル
173,常１３モラル
174,常１４モラル
175,常１５モラル
176,常１６モラル
177,常１７モラル
178,常１８モラル
179,常１９モラル
180,常２０モラル
181,常２１モラル
182,常２２モラル
183,常２３モラル

184,子宮内精液,;子宮内に取り込まれた精液量の合計。腟内精液から時間経過で移行、受精判定はこちらを参照
185,精子移行タイマー,;腟内→子宮内の移行判定用の経過分カウンタ。TIME_COUNTで加算し閾値到達で移行処理(@精液_子宮移行)

190,ＶオンリーＴ
191,ＶオンリーＰ
192,ＡオンリーＴ
193,ＡオンリーＰ

200,上半身上着
201,下半身上着
202,上半身下着
203,下半身下着
204,帽子
205,靴
206,靴下
207,眼鏡
208,頭
209,耳
210,首
211,腕
212,指
213,その他
214,胸
215,クリトリス
216,膣
217,アナル

;220番台:恋人システム(2026-07-16追加)
;220:恋人の登録番号(CFLAG:最愛と同形式)。0=恋人なし。恋人は同時1人(排他)
220,恋人相手
;221:恋人成立時のDAY
221,交際開始日
;222:デート完了回数の累計
222,デート回数
;223:破局実装用の予約(未使用)

;224番台:警察・犯罪システム(2026-08-30追加、警察署.ERB)
;224:被害届が受理されて留め置かれている残り日数。>0の間は警察署から出てこない(@NPC_ACTION)
224,拘留日数
;225:MASTER専用。直近で自分に痴漢・暴行をした相手の登録番号。0=なし
225,加害相手
;226:その被害の種類。1=痴漢 2=暴行・強姦 3=覗き
226,加害種別
;227:被害を受けたDAY。日が経ちすぎた届けは受理されない(@警察_被害届)
227,加害日

;228番台:紹介システム(2026-09-01追加、COMF981-友達を紹介してもらう)
;228:その相手に最後に紹介を頼んだDAY。同じ相手には3日に1回まで
228,紹介日
