0,攻め受け
1,今回行動
2,前回行動
3,今回被行動
4,前回被行動
5,行為対象
15,破瓜
16,破瓜抑制
17,待機時間
18,目的地区
19,目的位置
20,乗車
21,イベント
22,イベント変数
23,衰弱
25,同室
26,会話累積値
28,睡眠
29,挿入,;(1,膣2,アナル)
30,同行
31,防御
32,無抵抗

35,被挿入,;（1,膣）処女喪失判定
36,キス中
37,現在体位,;H中に実行した体位コマンドID(TRAINNAMEで名称表示)
38,口淫中,;口でペニスを扱う行為(フェラ系)の最中。射精時に精飲経験を入れるためのターン限りフラグ。@SOURCE_RESETでクリア








60,表示カット
106,快楽強度
107,イきそう
115,勃起判定
120,体勢
121,体勢制御
122,位置関係
123,位置関係制御

150,到着地区
151,到着位置
152,到着時間

390,肉欲
391,愛情
392,服従
393,好意
394,憧れ
400,Ｃ経験
401,Ｖ経験
402,Ａ経験
403,Ｂ経験
406,Ｃ絶頂経験
407,Ｖ絶頂経験
408,Ａ絶頂経験
409,Ｂ絶頂経験

;絶頂経験
410,絶頂経験
411,射精経験
412,噴乳経験
413,放尿経験
414,精液経験
415,精飲経験

;行動経験
420,Ｖ性交経験
421,Ａ性交経験
422,自慰経験
423,調教自慰経験
424,手淫経験
425,口淫経験
426,パイズリ経験
427,キス経験
428,道具使用経験

;精神経験
440,奉仕快楽経験
441,愛情経験
442,苦痛快楽経験
443,嗜虐快楽経験

;調教経験
450,調教経験
451,レズ経験
452,ゲイ経験
453,異常経験
454,Ｖ拡張経験
455,Ａ拡張経験
456,緊縛経験

;その他
470,清掃経験
471,会話経験
472,撮影経験
473,被写経験
474,戦闘経験
;※400〜499はSOURCE_CHECK_2がEXP:0〜99のスナップショットで毎回上書きする予約領域(経験値取得表示用)。
;　汎用フラグをこの範囲に置いてはいけない(過去に475/476を置いて上書きされるバグがあった)

500,お金

601,Pずらし;痴漢の際にPをずらす行為でオン、これが立つと挿入可能
;610:NPC行為抽選で前回選択した行為番号。連続重複回避に使用
610,前回N行為
;611:NPC自律行動中の噴乳ログ抑制用。最後に噴乳ログを表示した絶対時刻(DAY*1440+TIME)
611,噴乳表示時刻

;620番台:恋愛・デート・ホテル関連(2026-07-16追加)。BEGIN TRAIN(毎朝)で自動クリア=当日限りフラグ
;620:MASTER側=デート相手の登録番号/相手側=MASTERの登録番号。0=非デート
620,デート中
;621:デートスポットイベント発火済みビットフィールド(SETBIT 場所番号)。1スポット1日1回
621,デート済場所
;622:MASTERのみ。1=当日のラブホテル休憩料金支払済(入浴可・宿泊無料)
622,ホテル利用権
;623:相手キャラ側に立てる。1=今日すでに告白/被告白イベント済(連打防止)
623,告白済
;624:デート中に発火したスポットイベント数。デート終了時の愛情評価に使用
624,デート満足度

;625:妊娠中リスクの保留強度(%)。行動(XCOM/射精処理)で@妊娠中リスク予約が最大値を記録し、
;　行動描写(COM_MESSAGE)後にSOURCE_CHECKS末尾の@妊娠中リスク保留実行が消化する(PREGNANCY.ERB)
625,妊娠リスク保留

;626番台:セフレシステム(2026-07-17追加、恋愛.ERB)。セフレ関係本体は TA:自分:相手:7 / ペアH回数は TA:8
;626:相手キャラ側に立てる。1=当日のペアH回数(TA:8)加算済み(1日1回制限)
626,セフレH済
;627:相手キャラ側に立てる。1=今日すでにセフレ勧誘/被勧誘イベント済(連打防止。告白済623と同型)
627,セフレ勧誘済
;628:MASTERのみ。セフレ提案イベントの予約(相手の登録番号)。@セフレH記録が記録し、
;　行動描写後にSOURCE_CHECKS末尾の@セフレ提案実行が消化する(妊娠リスク保留625と同パターン)
628,セフレ提案予約

;629:流産・陣痛開始・出産が行為(H/調教/痴漢)中に起きたときの行為強制終了予約。
;　PREGNANCY.ERBの@行為終了予約が立て、EVENTCOMENDループの安全地点で@行為終了予約消化が消化する
629,行為終了予約

;630番台:直接移動（経路追従型・2026-07-18）。COMF1000の@直接移動系。BEGIN TRAIN(毎朝)で自動クリア=当日限り
;630:直接移動の最終目的地区（631と対で保持。地区0も有効値のため実行判定は632を使う）
630,直接移動目的地区
;631:直接移動の最終目的部屋
631,直接移動目的位置
;632:1=直接移動（自動経路追従）実行中。0=非実行
632,直接移動中

;633:ソープランド（2026-07-20）。1=当日の飛び込み体験勧誘済（発生/辞退問わず1日1回制限）。BEGIN TRAINで自動クリア
633,ソープ体験済

;634:劇場（2026-07-21）。1=当日の飛び込みステージ体験勧誘済（発生/辞退問わず1日1回制限）。BEGIN TRAINで自動クリア
634,劇場体験済

;635:ホストクラブ（2026-07-21）。1=当日のアフターに誘い済（乗る/断る問わず1日1回制限）。BEGIN TRAINで自動クリア
635,ホストアフター済

;636-637:居酒屋・バーの飲酒（2026-07-21）。BEGIN TRAINで自動クリア＝当日限り
;636:当日の飲酒杯数（店の心配イベント・潰れ判定に使う）
636,当日飲酒量
;637:1=当日のお持ち帰りイベント判定済（発生/回避問わず1日1回制限）
637,お持ち帰り済
;638:1=当日のバーのマスターとのアフターに誘い済（乗る/断る問わず1日1回制限）
638,酒場アフター済

;639:1=当日、酔い潰れた同席者を介抱済（1日1回制限。酒場.ERB @酒場_介抱）
639,当日介抱済

;640番台:銭湯（2026-07-22追加、銭湯.ERB）。BEGIN TRAINで自動クリア＝当日限り
;640:MASTERのみ。1=当日の入浴料支払済（入浴コマンドCOMF1008の解禁。ホテル利用権622と同型）
640,銭湯利用権
;641:当日、銭湯で湯・サウナ・露天に入った回数。のぼせ判定に使う
641,当日長湯回数
;642:1=当日すでに男湯を覗いた（成否問わず1日1回制限）
642,当日銭湯覗き済


;643:映画館（2026-07-22追加、映画館.ERB）。1=当日カップルシートを取った（デートのカップルシートは1日1回）
643,当日カップルシート済


;644:会話の話題（2026-07-26追加、COMF800-雑談する.ERB）。XCOM800が選ばれた話題を記録し
;　　COM_MESSAGE800 が地の文を分岐する。描写側は SOURCE.ERB の TRYCALLFORM 経由で
;　　呼ばれるため話題を再計算できない＝XCOM側で決めてここに置くこと
;　　0=世間話 / 1=褒める / 2=近況を聞く / 3=噂話 / 4=部活の話
644,会話話題


;645:1=当日、行為に誘った相手（成否問わず1日1回制限。COMF983-行為に誘う）
;　　セフレ勧誘済(627)と同型でBEGIN TRAINの自動クリアに任せる
645,誘い済


;646:警察署（2026-08-30追加、警察署.ERB）。1=当日すでに窓口で用を足した（届け出・出頭は1日1回）
;　　BEGIN TRAINで自動クリア＝翌日にはまた窓口が使える
646,当日警察利用済


;647:裏路地（2026-09-01追加、追加イベント.ERB）。1=当日すでに裏路地で拾い物をした（1日1回）
;　　BEGIN TRAINで自動クリア＝翌日にはまた拾える
647,当日裏路地拾得済


;648:1=当日、連絡先の交換を持ちかけた相手（成否問わず1日1回制限。COMF982-連絡先を交換する）
;　　セフレ勧誘済(627)・誘い済(645)と同型でBEGIN TRAINの自動クリアに任せる
648,連絡先勧誘済
